url,title,description,image,date,hnurl
https://www.tdpain.net/blog/a-year-of-reading,"I tracked everything I read on the internet for a year",Keeping a record of every article read on the internet is cool.,,2022-09-08T10:14:18.423350404Z,https://news.ycombinator.com/item?id=32759786
https://jacksoncunningham.medium.com/digital-exile-how-i-got-banned-for-life-from-airbnb-615434c6eeba,Digital Exile: How I Got Banned for Life from AirBnB,Leaving an offsite review is a bannable offense.,,2022-09-08T14:31:40.701358003Z,https://news.ycombinator.com/item?id=32761930
https://github.com/divamgupta/diffusionbee-stable-diffusion-ui,Diffusion Bee - Stable Diffusion GUI App for M1 Mac,Diffusion Bee is the easiest way to run Stable Diffusion locally on your M1 Mac.,,2022-09-12T08:08:03.728676964Z,https://news.ycombinator.com/item?id=32804695
https://staysaasy.com/career/2022/09/11/Dirty-Work.html,Build Your Career on Dirty Work,"The lamentable work that many people avoid are great places to look for high impact, low hanging fruit.",,2022-09-12T08:12:21.152668252Z,https://news.ycombinator.com/item?id=32800869
https://www.theatlantic.com/culture/archive/2022/09/rewatching-spirited-away-hayao-miyazaki/671486/,"Watching Spirited Away Again, and Again",Each viewing of Hayao Miyazakiâ€™s animated masterpiece is a gift.,,2022-09-22T09:28:02.935640754Z,https://news.ycombinator.com/item?id=32918849
https://blog.frankel.ch/backend-for-frontend/,Discussing Backend For Front-end,BFF architecture to decouple clients and microservices.,,2022-09-22T09:36:17.328203238Z,https://news.ycombinator.com/item?id=32919425
https://jvns.ca/blog/2022/09/12/why-do-domain-names-end-with-a-dot-,Why do domain names sometimes end with a dot?,"Domain names ending with a dot are ""absolute"" domains.",,2022-09-23T12:16:28.667840707Z,https://news.ycombinator.com/item?id=32859415
https://spectrum.ieee.org/cryptokitties,The spectacular collapse of cryptokitties,TL;DR Kittys prices < gas fees,,2022-09-23T12:28:33.027664833Z,https://news.ycombinator.com/item?id=32856333
https://world.hey.com/jorge/aging-programmer-d448bdec,Aging programmer,Do people lose interest in programming as they age? NO.,,2022-09-30T12:35:17.236040435Z,https://news.ycombinator.com/item?id=32961933
https://www.poised.com/,AI-powered communication coach,AI everywhere.,,2022-10-05T09:37:22.355931101Z,https://news.ycombinator.com/item?id=33090580
https://jalammar.github.io/illustrated-stable-diffusion/,The Illustrated Stable Diffusion,How Stable Diffusion works by examples.,,2022-10-05T09:47:10.274257893Z,https://news.ycombinator.com/item?id=33084205
https://dsfantiquejewelry.com/blogs/interesting-facts/the-ancient-japanese-technique-that-produces-lumber-without-cutting-trees,The Ancient Japanese Technique That Produces Lumber Without Cutting Tr | DSF Antique Jewelry,"Daisugi is an ancient Japanese forestry technique in which planted cedars are pruned in a special way to produce ""shoots"" that eventually become perfect, straight, knot-free lumber.This is an ancient method, developed in the 14th century, which was originally used by people living in the Kitayama region of Japan becaus",http://cdn.shopify.com/s/files/1/0142/3405/8816/articles/cover_16_grande.jpg?v=1652662658,2022-11-23T09:57:07.684461973Z,https://news.ycombinator.com/item?id=33715443
https://www.theregister.com/2022/03/15/arch_linux_20/,Arch Linux turns 20 years old â€¢ The Register,"DIY distro might not be the best place to start, but you'll learn buckets using it",https://regmedia.co.uk/2022/03/14/collaboration.jpg,2022-11-25T10:33:09.2470382Z,https://news.ycombinator.com/item?id=33729445
https://fasterthanli.me/articles/the-http-crash-course-nobody-asked-for?utm_source=hackernewsletter&utm_medium=email&utm_term=fav#bugs-bugs-bugs,The HTTP crash course nobody asked for,"HTTP does a pretty good job staying out of everyone's way. If you're reading this article, there's a solid chance it was delivered to you over HTTP. Even if you're reading this ...",https://fasterthanli.me/img/logo-square.png,2022-11-25T10:54:18.763558195Z,
https://thevaluable.dev/vim-advanced/,A Vim Guide for Advanced Users,We continue our walk on the path leading to Vim mastery by reviewing crazy Vim functionalities which will increase even more your productivity.,,2022-12-01T10:01:36.284742266Z,https://news.ycombinator.com/item?id=26284618
https://www.neelnanda.io/blog/43-making-friends?utm_source=hackernewsletter&utm_medium=email&utm_term=fav,Post 43: Intentionally Making Close Friends â€” Neel Nanda,"One of the most valuable experiments I ever ran was intentionally practicing the skill of making close friends, and this directly led to most of my friends today. This post is the story of that experiment, and distills the lessons learned",,2022-12-06T15:29:09.317024239Z,
https://github.com/DataDog/go-profiler-notes/blob/main/guide/README.md,go-profiler-notes/README.md at main Â· DataDog/go-profiler-notes,felixge's notes on the various go profiling methods that are available. - go-profiler-notes/README.md at main Â· DataDog/go-profiler-notes,https://opengraph.githubassets.com/ecf54713e85c03f19df1b21065653e6d4bf21b3ee3af0df4bcb7ace014ead726/DataDog/go-profiler-notes,2022-12-22T15:43:08.264370568Z,https://news.ycombinator.com/item?id=34085337
https://blog.liw.fi/posts/2022/goalposts/,Rant: year of Linux on the desktop,,,2023-01-02T08:19:41.937761171Z,https://news.ycombinator.com/item?id=34206055
https://idlewords.com/2023/1/why_not_mars.htm,Why Not Mars (Idle Words),,,2023-01-02T08:23:42.366839093Z,https://news.ycombinator.com/item?id=34213549
https://wildcardpeople.com/what-is-a-wildcard-person,What is a Wildcard Person? | Wildcard People,,,2023-01-02T09:02:58.373501574Z,https://news.ycombinator.com/item?id=34157907
https://www.programmerhat.com/vim-zz/,Vim ZZ and Vim zz | Do you know the difference? | Programmer Hat,,,2023-01-10T07:59:22.67987282Z,https://news.ycombinator.com/item?id=34308248
https://code-held.com/2022/07/28/microservices/,Microservices are a Big Ball of Mud | Code-Held,"Over the past years I attended hundreds of interviews. Many candidates proudly told tales on how they develop their projects with a microservice architecture. Often (I donâ€™t want to say â€œalwaysâ€, but from my memory I think it actually is â€œalwaysâ€) it does not require many questions to see that they used a rocket launcher to kill a mouse. Microservices are hard. Everyone who experienced the pain of operating such an architecture can relate to it. The complexity kills you at one point or the other. You already had to do multiple refactorings of your architecture - because your domains didnâ€™t work out. I wonder - why is this architecture so appealing to developers? And then I remember what I found them appealing 10 years ago.",https://code-held.com/assets/images/posts/2022/07/microservices.jpg,2023-01-11T15:45:58.4101787Z,https://news.ycombinator.com/item?id=34329656
https://vimdoc.sourceforge.net/htmldoc/options.html#'undofile',Vim documentation: options,,,2023-01-13T07:40:02.203560876Z,
https://muted.io/piano-chords/?utm_source=hackernewsletter&utm_medium=email&utm_term=fun,Piano Chords: Simple Online Piano Chord Player,"Play piano chords online. Hear and visualize major, minor, diminished, augmented & more chords on the piano. Makes for an easy piano chord reference chart.",https://muted.io/images/covers/piano-chords.png,2023-01-13T13:27:41.373696458Z,
https://abseil.io/resources/swe-book/html/toc.html,Software Engineering at Google,,,2023-01-13T13:28:31.793871015Z,https://news.ycombinator.com/item?id=31475298
https://utcc.utoronto.ca/~cks/space/blog/linux/Ubuntu2204ServerPhasedUpdates,Chris's Wiki :: blog/linux/Ubuntu2204ServerPhasedUpdates,,,2023-01-17T13:49:28.798518205Z,https://news.ycombinator.com/item?id=34387409
https://www.youtube.com/watch?v=kCc8FmEb1nY,"Let's build GPT: from scratch, in code, spelled out. - YouTube","We build a Generatively Pretrained Transformer (GPT), following the paper ""Attention is All You Need"" and OpenAI's GPT-2 / GPT-3. We talk about connections t...",https://i.ytimg.com/vi/kCc8FmEb1nY/maxresdefault.jpg,2023-01-18T20:48:04.154033522Z,https://news.ycombinator.com/item?id=34414716
https://cprimozic.net/blog/reverse-engineering-a-small-neural-network/,Reverse Engineering a Neural Network's Clever Solution to Binary Addition - Casey Primozic's Homepage,,,2023-01-20T07:51:12.149381583Z,https://news.ycombinator.com/item?id=34399142
https://muted.io/cheat-sheet/,"Music Theory Cheat Sheet: Keys, Scales, Chords, Notes & Intervals","An interactive music theory cheat sheet with scales, diatonic chords, notes on the piano, notes on the staff and key signature for all major and minor keys.",https://muted.io/images/covers/cheat-sheet.jpg,2023-01-20T08:15:26.979665823Z,https://news.ycombinator.com/item?id=34387982
https://kentnerburn.com/the-cab-ride-ill-never-forget/?utm_source=hackernewsletter&utm_medium=email&utm_term=fav,The Cab Ride I'll Never Forget | Kent Nerburn,"The Cab Ride I'll Never Forget There was a time in my life twenty years ago when I was driving a cab for a living. It was a cowboyâ€™s life, a gamblerâ€™s lif",https://kentnerburn.com/wp-content/uploads/2012/11/kent_nerburn4.png,2023-01-20T13:02:09.259684874Z,
https://www.jeffgeerling.com/blog/2023/hyperscale-your-homelab-compute-blade-arrives,Hyperscale in your Homelab: The Compute Blade arrives | Jeff Geerling,,,2023-01-24T14:22:23.188726224Z,https://news.ycombinator.com/item?id=34500776
https://mywiki.wooledge.org/BashPitfalls,BashPitfalls - Greg's Wiki,,,2023-03-22T13:21:32.134454839Z,https://news.ycombinator.com/item?id=24401085
https://www.thedrive.com/news/hyundai-promises-to-keep-buttons-in-cars-because-touchscreen-controls-are-dangerous,Hyundai Promises To Keep Buttons in Cars Because Touchscreen Controls Are Dangerous,"Hyundai knows you like to keep your eyes on the road, and it's giving you the controls to do just that.",https://www.thedrive.com/uploads/2023/03/20/qqq.jpg?auto=webp,2023-03-22T14:01:59.059684098Z,https://news.ycombinator.com/item?id=35253753
https://github.com/travisgoodspeed/gbrom-tutorial,travisgoodspeed/gbrom-tutorial: Tutorial for extracting the GameBoy ROM from photographs of the die.,Tutorial for extracting the GameBoy ROM from photographs of the die. - travisgoodspeed/gbrom-tutorial: Tutorial for extracting the GameBoy ROM from photographs of the die.,https://repository-images.githubusercontent.com/616638268/c71b110f-741d-48e1-922f-ed6950aa8c81,2023-03-22T14:03:07.440307132Z,https://news.ycombinator.com/item?id=35256178
https://aperiodical.com/2023/03/an-aperiodic-monotile-exists/,An aperiodic monotile exists! | The Aperiodical,"Actual aperiodicity news on The Aperiodical! This is probably the biggest aperiodicity news weâ€™ll ever cover here: David Smith, Joseph Samuel Myers, Craig S. Kaplan, and Chaim Goodman-Straussâ€¦",https://aperiodical.com/wp-content/uploads/2023/03/output.png,2023-03-23T09:51:09.570387406Z,https://news.ycombinator.com/item?id=35264965
https://github.blog/2023-03-15-how-the-grafana-alerting-team-scales-their-issue-management-with-github-projects/,How the Grafana Alerting team scales their issue management with GitHub Projects | The GitHub Blog,Hear from Grafana Labsâ€™ Armand Grillet about how his team uses GitHub Projects.,https://github.blog/wp-content/uploads/2022/06/Engineering-Product@2x.png,2023-03-27T06:08:48.179763686Z,https://news.ycombinator.com/item?id=35174869
https://www.cybertec-postgresql.com/en/new-target_session_attrs-settings-for-high-availability-and-scaling-in-postgresql-v14/,target_session_attrs options for high availability and scaling - CYBERTEC,"This article describes the new settings for ""target_session_attrs"" and how to use them for high availability and horizontal scaling.",https://www.cybertec-postgresql.com/wp-content/uploads/2021/03/New-target_session_attrs-settings-for-high-availability-and-scaling-in-postgresql-v14_ZeichenflÃ¤che-1.jpg,2023-03-29T07:08:05.462443309Z,
https://adamj.eu/tech/2022/10/15/how-to-rebase-stacked-git-branches/,How to rebase stacked Git branches - Adam Johnson,"When working on a feature, you might split it into several stacked branches, so you can merge each one separately. But updating such branches can be annoying, since you have to manage each one. Git 2.38 (2022-10-15) makes such updates easier, with the ability to rebase a stack of branches at once, with the new --update-refs. Letâ€™s look at a couple of examples.",https://adamj.eu/tech/assets/2022-10-15-stack-of-pancakes.jpeg,2023-03-29T07:10:06.995960555Z,
https://github.com/sharkdp/bat,sharkdp/bat: A cat(1) clone with wings.,A cat(1) clone with wings. Contribute to sharkdp/bat development by creating an account on GitHub.,https://repository-images.githubusercontent.com/130464961/20727580-dd13-11e9-8f03-0789a00a3b64,2023-03-30T07:14:28.010095144Z,https://news.ycombinator.com/item?id=24850244
https://pretius.com/blog/jvm-kubernetes/,JVM Kubernetes: Optimizing Kubernetes for Java Developers - Pretius,"In this tutorial by a seasoned Java Dev, we'll show you how to optimize settings to make JVM work well with a container like Kubernetes.",https://pretius.com/wp-content/uploads/2023/01/jvm-kubernetes-for-java-developers.jpeg,2023-03-31T07:30:31.15436229Z,
https://ersei.net/en/blog/bye-bye-github,Saying Goodbye to GitHub | Ersei 'n Stuff,"I've been using GitHub since I was eleven years old. To be fair, I didn't really understand git at the time, but I was able to fumble my way through it...",,2023-04-03T12:54:19.785293192Z,https://news.ycombinator.com/item?id=35418760
https://taylor.town/-10x,How to be a -10x Engineer,,,2023-04-04T14:25:22.633505511Z,https://news.ycombinator.com/item?id=35259588
https://dspace.mit.edu/handle/1721.1/79551,System design and the cost of architectural complexity,,,2023-04-06T20:42:46.030303509Z,https://news.ycombinator.com/item?id=35470905
https://confusedbit.dev/posts/how_does_gpt_work/,Simply explained: how does GPT work? | Confused bit,"By now, you have probably heard of OpenAIâ€™s ChatGPT, or any of the alternatives GPT-3, GPT-4, Microsoftâ€™s Bing Chat, Facebookâ€™s LLaMa or even Googleâ€™s Bard. They are artificial intelligence programs that can participate in a conversation. Impressively smart, they can easily be mistaken for humans, and are skilled in a variety of tasks, from writing a dissertation to the creation of a website. How can a computer hold such a conversation?",,2023-04-06T21:46:07.051685293Z,https://news.ycombinator.com/item?id=35466201
https://github.com/everythingishacked/Semaphore,everythingishacked/Semaphore: A full-body keyboard using gestures to type through computer vision,A full-body keyboard using gestures to type through computer vision - everythingishacked/Semaphore: A full-body keyboard using gestures to type through computer vision,https://opengraph.githubassets.com/350022ba486b0755ba0a3789e82a6dd1b67200aff4e1227f740760b8f86ba1be/everythingishacked/Semaphore,2023-04-12T12:13:34.428727893Z,https://news.ycombinator.com/item?id=35536550
https://www.nannyml.com/blog/91-of-ml-perfomance-degrade-in-time,91% of ML Models Degrade in Time - NannyML,,https://assets.website-files.com/6099466f98d9383d91745b9e/6435587d384b40e15a236f64_explanation_experiments%20(1).jpg,2023-04-14T08:54:50.888125533Z,https://news.ycombinator.com/item?id=35566145
https://fairanimateddrawings.com/site/home,FAIR Animated Drawings: Home,,/site/assets/thumbnail.png,2023-04-14T08:55:49.693681606Z,https://news.ycombinator.com/item?id=35561203
https://mjg59.dreamwidth.org/66109.html,mjg59 | Booting modern Intel CPUs,,,2023-04-17T19:35:56.334954688Z,https://news.ycombinator.com/item?id=35596748
https://blog.brixit.nl/nitrokey-dissapoints-me/,NitroKey disappoints me,A look at NitroKeys latest article,https://blog.brixit.nl/image/w600//static/files/blog.brixit.nl/1682447679/20230425_0002_01.jpg,2023-04-26T07:05:52.884007938Z,https://news.ycombinator.com/item?id=35706858
https://9to5mac.com/2023/04/27/apple-employees-siri-struggles/,Apple employees hate Siri and are skeptical of its future - 9to5Mac,A new report from The Information today goes in-depth on the apparent chaos inside teams at Apple working on Siri...,https://i0.wp.com/9to5mac.com/wp-content/uploads/sites/6/2022/02/siri-new-voice.jpg?resize=1200%2C628&quality=82&strip=all&ssl=1,2023-04-28T08:41:07.152714619Z,https://news.ycombinator.com/item?id=35730075
https://www.nango.dev/blog/why-is-oauth-still-hard?utm_source=hackernewsletter&utm_medium=email&utm_term=fav,Why is OAuth still hard in 2023? | Nango Blog,We implemented OAuth for the 50 most popular APIs. TL;DR: It is still a mess.,https://uploads-ssl.webflow.com/63cb480c27e7bc98c7ec69cf/63f72ffeb1dbda52931dd114_Nango-oauth-maze.jpg,2023-04-28T12:10:44.778240895Z,
https://www.primevideotech.com/video-streaming/scaling-up-the-prime-video-audio-video-monitoring-service-and-reducing-costs-by-90,Scaling up the Prime Video audio/video monitoring service and reducing costs by 90% - Prime Video Tech,"The move from a distributed microservices architecture to a monolith application helped achieve higher scale, resilience, and reduce costs.",https://cdn.primevideotech.com/dims4/default/24d0543/2147483647/strip/true/crop/1440x700+0+49/resize/720x350!/quality/90/?url=https%3A%2F%2Famazon-k1-prod-entertainment.s3.amazonaws.com%2Fbrightspot%2F6d%2F99%2F91377f7e409eaf6844a54ddff934%2F87265567.png,2023-05-04T07:09:29.931217344Z,https://news.ycombinator.com/item?id=35811741
https://adrianco.medium.com/so-many-bad-takes-what-is-there-to-learn-from-the-prime-video-microservices-to-monolith-story-4bd0970423d4,"So many bad takes â€” What is there to learn from the Prime Video microservices to monolith story | by adrian cockcroft | May, 2023 | Medium","The Prime Video team published this story: Scaling up the audio/video monitoring service and reducing costs by 90%, and the internet piledâ€¦",https://miro.medium.com/v2/resize:fit:1200/1*ReZMiWtVtNPfnS9vuZH8eQ.png,2023-05-08T08:31:17.123988227Z,https://news.ycombinator.com/item?id=35853148
https://jvns.ca/blog/2023/05/08/new-talk-learning-dns-in-10-years/,New talk: Learning DNS in 10 years,New talk: Learning DNS in 10 years,,2023-05-11T08:16:44.12976764Z,https://news.ycombinator.com/item?id=35870654
https://grafana.com/blog/2020/08/27/the-concise-guide-to-labels-in-loki/,The concise guide to labels in Loki | Grafana Labs,How using fewer labels leads to better performance in Loki.,https://grafana.com/static/assets/img/blog/grafana_loki_labels_meta.png,2023-05-11T16:42:25.173897164Z,
https://visual-fonts.com/?utm_source=hackernewsletter&utm_medium=email&utm_term=fav,Visual Fonts â€“ Type Good Pictures,Type Good Pictures,https://visual-fonts.com/wp-content/uploads/2023/05/cantonese-font-VS-Code-wy-lang.png,2023-05-12T11:51:33.761596378Z,
https://medium.com/swlh/break-down-kubernetes-server-side-apply-5d59f6a14e26,Break Down Kubernetes Server-Side Apply | by Stefanie Lai | The Startup | Medium,Are you already using the SSA? Do you know the difference between CSA and SSA?,https://miro.medium.com/v2/resize:fit:1000/0*puV5IiQKKQAt9y3B,2023-05-30T07:45:31.233455682Z,
https://www.nature.com/articles/s41598-020-73426-0,The role of cat eye narrowing movements in catâ€“human communication | Scientific Reports,"Domestic animals are sensitive to human cues that facilitate inter-specific communication, including cues to emotional state. The eyes are important in signalling emotions, with the act of narrowing the eyes appearing to be associated with positive emotional communication in a range of species. This study examines the communicatory significance of a widely reported cat behaviour that involves eye narrowing, referred to as the slow blink sequence. Slow blink sequences typically involve a series of half-blinks followed by either a prolonged eye narrow or an eye closure. Our first experiment revealed that cat half-blinks and eye narrowing occurred more frequently in response to ownersâ€™ slow blink stimuli towards their cats (compared to no ownerâ€“cat interaction). In a second experiment, this time where an experimenter provided the slow blink stimulus, cats had a higher propensity to approach the experimenter after a slow blink interaction than when they had adopted a neutral expression. Collectively, our results suggest that slow blink sequences may function as a form of positive emotional communication between cats and humans.",https://media.springernature.com/m685/springer-static/image/art%3A10.1038%2Fs41598-020-73426-0/MediaObjects/41598_2020_73426_Fig1_HTML.jpg,2023-05-31T07:30:22.093626279Z,https://news.ycombinator.com/item?id=36132265
https://www.disconnect.blog/p/apples-vision-pro-headset-deserves,Apple's Vision Pro headset deserves to be ridiculed,Tech companies want us isolated and constantly staring at screens because it drives profit,"https://substackcdn.com/image/fetch/w_1200,h_600,c_fill,f_jpg,q_auto:good,fl_progressive:steep,g_auto/https%3A%2F%2Fsubstack-post-media.s3.amazonaws.com%2Fpublic%2Fimages%2F4053f932-9f2c-4340-8631-0efc780b9d2f_2880x1616.png",2023-06-06T09:50:21.10577013Z,https://news.ycombinator.com/item?id=36204653
https://www.barbarianmeetscoding.com/boost-your-coding-fu-with-vscode-and-vim/moving-blazingly-fast-with-the-core-vim-motions/,Moving Blazingly Fast With The Core Vim Motions | Barbarian Meets Coding,Where you learn the power of motions and how you can move blazingly fast and with extreme prevision using VSCodeVim,https://www.barbarianmeetscoding.com/images/boost-coding-fu-vscode-vim-banner.jpg,2023-06-15T08:52:10.542017767Z,https://news.ycombinator.com/item?id=36312027
https://cerebralab.com/Imaginary_Problems_Are_the_Root_of_Bad_Software,Imaginary Problems Are the Root of Bad Software," [Audio version (read by a tts bot)](https://youtu.be/9jODhmgkp3o)    ![https://upload.wikimedia.org/wikipedia/commons/c/c0/De_Rebus_Bellicis%2C_XVth_",https://cdn.cerebralab.com/icons/logo.png,2023-06-19T15:15:37.532449366Z,https://news.ycombinator.com/item?id=36380711
https://cerebralab.com/Imaginary_Problems_Are_the_Root_of_Bad_Software,Imaginary Problems Are the Root of Bad Software," [Audio version (read by a tts bot)](https://youtu.be/9jODhmgkp3o)    ![https://upload.wikimedia.org/wikipedia/commons/c/c0/De_Rebus_Bellicis%2C_XVth_",https://cdn.cerebralab.com/icons/logo.png,2023-06-20T07:27:03.814828646Z,https://news.ycombinator.com/item?id=36380711
https://unchartedterritories.tomaspueyo.com/p/maps-distort-how-we-see-the-world,Maps Distort How We See the World - by Tomas Pueyo,30 Maps to Rethink the World,"https://substackcdn.com/image/fetch/w_1200,h_600,c_fill,f_jpg,q_auto:good,fl_progressive:steep,g_auto/https%3A%2F%2Fsubstack-post-media.s3.amazonaws.com%2Fpublic%2Fimages%2F9023d572-d461-47cb-83b3-49585f7238bc_480x480.gif",2023-06-22T10:25:04.256422085Z,https://news.ycombinator.com/item?id=36421315
https://github.com/getlago/lago/wiki/Is-ORM-still-an-%27anti-pattern%27%3F?utm_source=hackernewsletter&utm_medium=email&utm_term=code,Is ORM still an 'anti pattern'? Â· getlago/lago Wiki,Open Source Metering and Usage Based Billing. Contribute to getlago/lago development by creating an account on GitHub.,https://opengraph.githubassets.com/56719f98aa6d60348b0ec79a093c354eb4ce3497a82598765a54066f5cd43236/getlago/lago,2023-07-04T07:00:09.224721357Z,
https://linuxiac.com/linux-hits-3-percent-market-share/,"After 30 Years, Linux Finally Hits 3% Market Share","Linux enthusiasts rejoice! After a long journey, according to StatCounter's data, by June 2023, Linux has achieved a 3% desktop market share.",https://linuxiac.b-cdn.net/wp-content/uploads/2023/07/linux-marketshare.jpg,2023-07-11T15:24:49.506979086Z,https://news.ycombinator.com/item?id=36676103
https://edw519.posthaven.com/it-takes-6-days-to-change-1-line-of-code,It Takes 6 Days to Change 1 Line of Code - ed weissman,"(A true story.)   Philip (President): Our factory is underutilized by 10%. Either we start building more of our backlog or we lay people off. I'd rather keep everyone busy, build inventory, and get...",,2023-07-17T08:10:28.309456772Z,https://news.ycombinator.com/item?id=36746014
https://www.allthingsdistributed.com/2023/07/building-and-operating-a-pretty-big-storage-system.html,Building and operating a pretty big storage system called S3 | All Things Distributed,Three distinct perspectives on scale that come along with building and operating a storage system the size of S3.,https://www.allthingsdistributed.com/images/fast-s3-stats.png,2023-07-28T07:55:05.268006245Z,https://news.ycombinator.com/item?id=36894932
https://circleci.com/blog/platform-engineering-devops-at-scale/,DevOps isnâ€™t dead: How platform engineering enables DevOps at scale - CircleCI,Learn how platform engineering enables software teams to manage DevOps at scale.,https://images.ctfassets.net/il1yandlcjgk/2TpxfBZfl0IGitMGeat4fS/486d828585f494c80522d1162d2fc6cd/2022-02-07-platform.jpg,2023-08-22T10:29:57.242464209Z,
http://telecom.csail.mit.edu/judy-sammel.html,Get a Cable Modem....Go to Jail,,,2023-09-05T12:11:54.273082093Z,https://news.ycombinator.com/item?id=37386397
https://cs.stanford.edu/people/zjl/tide.html,Tidal Energy - Not Renewable,,,2023-09-05T12:17:26.143714335Z,https://news.ycombinator.com/item?id=37383283
https://911realtime.org/,9/11 Realtime,,,2023-09-12T12:54:00.220862146Z,https://news.ycombinator.com/item?id=28492719
https://renegadeotter.com/2023/09/10/death-by-a-thousand-microservices.html,Death by a thousand microservices,The software industry is learning once again that complexity kills,https://renegadeotter.com/img/complexity/og.jpg,2023-09-12T13:05:19.673557895Z,https://news.ycombinator.com/item?id=37477095
https://www.theguardian.com/science/2023/sep/11/nasa-planet-ocean-life-james-webb-telescope,Nasa says distant exoplanet could have rare water ocean and possible hint of life | Nasa | The Guardian,"Space agency said potential finding of dimethyl sulfide on K2-18 b, produced only by life on Earth, is yet to be confirmed",https://i.guim.co.uk/img/media/c72abd1a76b7f7d91edc2c93e3072c7e166b26dd/0_76_4000_2400/master/4000.jpg?width=1200&height=630&quality=85&auto=format&fit=crop&overlay-align=bottom%2Cleft&overlay-width=100p&overlay-base64=L2ltZy9zdGF0aWMvb3ZlcmxheXMvdGctZGVmYXVsdC5wbmc&enable=upscale&s=d5e2ffa4a4d15251c2520bd3ac711452,2023-09-12T13:06:43.097915573Z,https://news.ycombinator.com/item?id=37477683
https://arstechnica.com/gadgets/2023/09/linux-gives-up-on-6-year-lts-thats-fine-for-pcs-bad-for-android/,"Linux gives up on 6-year LTS kernels, says theyâ€™re too much work | Ars Technica",Linux's six-year long-term support was meant to help embedded devices.,https://cdn.arstechnica.net/wp-content/uploads/2013/09/linux-penguin-640x215.jpg,2023-09-21T06:53:39.523942389Z,https://news.ycombinator.com/item?id=37591050
https://www.tri.global/news/toyota-research-institute-unveils-breakthrough-teaching-robots-new-behaviors,Toyota Research Institute Unveils Breakthrough in Teaching Robots New Behaviors | Toyota Research Institute,,,2023-09-21T06:58:44.204331333Z,https://news.ycombinator.com/item?id=37586264
https://torrentfreak.com/the-pirate-bay-celebrates-its-20th-anniversary-230919/,The Pirate Bay Celebrates Its 20th Anniversary * TorrentFreak,The Pirate Bay celebrates its 20th anniversary today. The site had many setbacks over the years but remains online today.,,2023-09-21T07:14:15.028221479Z,https://news.ycombinator.com/item?id=37568732
https://realfill.github.io/,RealFill,RealFill: Reference-Driven Generation for Authentic Image Completion,https://realfill.github.io/static/images/cover.jpg,2023-09-30T22:50:39.852171935Z,https://news.ycombinator.com/item?id=37708292
https://axleos.com/exploiting-the-iphone-4-part-1-gaining-entry/,"Exploiting the iPhone 4, Part 1: Gaining Entry | Phillip Tennen","Introduction Years ago, I was active in the iOS tweak development scene. I made many products and tools, distributed on Cydia, that modified iOS system behavior and added new functionality to SpringBoard. This was a really fun time, and gave me valuable early career exposure to reverse engineering closed-source binaries, interacting directly with the Objective-C runtime, and entrepreneurship. Iâ€™m really grateful for those years. Quick app interactionvia 3D Touch Force Touch app launcher.",https://axleos.com/images/share.png,2023-10-02T20:19:41.593052689Z,https://news.ycombinator.com/item?id=37736318
https://cloud.google.com/blog/products/databases/announcing-cloud-spanner-price-performance-updates,Announcing Cloud Spanner price-performance updates | Google Cloud Blog,"Alongside lower costs, Cloud Spanner provides single-digit ms latencies and strong consistency across multiple availability zones in the same region.",https://storage.googleapis.com/gweb-cloudblog-publish/images/GCN23_GE_BlogHeader_2436x1200_1.max-2436x985.png,2023-10-12T10:56:41.59212378Z,https://news.ycombinator.com/item?id=37847454
https://github.com/spacedriveapp/spacedrive,"spacedriveapp/spacedrive: Spacedrive is an open source cross-platform file explorer, powered by a virtual distributed filesystem written in Rust.","Spacedrive is an open source cross-platform file explorer, powered by a virtual distributed filesystem written in Rust. - spacedriveapp/spacedrive: Spacedrive is an open source cross-platform file ...",https://opengraph.githubassets.com/dfd09e962e30781fd22e8ebb40384df8571e196264e496023a3e1910059c1268/spacedriveapp/spacedrive,2023-10-12T10:59:06.986455797Z,https://news.ycombinator.com/item?id=37841013
https://github.com/spacedriveapp/spacedrive,"spacedriveapp/spacedrive: Spacedrive is an open source cross-platform file explorer, powered by a virtual distributed filesystem written in Rust.","Spacedrive is an open source cross-platform file explorer, powered by a virtual distributed filesystem written in Rust. - spacedriveapp/spacedrive: Spacedrive is an open source cross-platform file ...",https://opengraph.githubassets.com/dfd09e962e30781fd22e8ebb40384df8571e196264e496023a3e1910059c1268/spacedriveapp/spacedrive,2023-10-12T12:29:39.145768717Z,https://news.ycombinator.com/item?id=37841013
https://www.youtube.com/watch?v=DcYLT37ImBY,Training AI to Play Pokemon with Reinforcement Learning - YouTube,"Divertiti con i video e la musica che ami, carica contenuti originali e condividi tutto con amici, familiari e con il mondo su YouTube.",https://www.youtube.com/img/desktop/yt_1200.png,2023-10-15T17:23:11.414548912Z,https://news.ycombinator.com/item?id=37860747
https://jvns.ca/blog/2016/06/13/should-you-be-scared-of-signals/,Should you be scared of Unix signals?,Should you be scared of Unix signals?,,2023-10-17T06:09:03.720931629Z,https://news.ycombinator.com/item?id=37899098
https://ruffle.rs/,Ruffle | Ruffle is a Flash Player emulator written in Rust. Ruffle targets both desktop and the web using WebAssembly.,Ruffle is a Flash Player emulator written in Rust. Ruffle targets both desktop and the web using WebAssembly.,,2023-10-23T07:37:57.899771617Z,https://news.ycombinator.com/item?id=25242115
https://www.archmission.org/nanofiche,"Nanofiche â€” Arch Mission Foundation - Preserving humanity forever, in space and on Earth.","Nanofiche is an archival technology, designed to preserve knowledge forever.",http://static1.squarespace.com/static/5c3bcbd5e17ba3597ea81282/t/5c6b0064eef1a1de5b194712/1550516327310/Arch_Icon_blk_2000px.png?format=1500w,2023-10-23T07:41:03.870176939Z,https://news.ycombinator.com/item?id=37978483
https://blog.robertelder.org/how-to-make-a-cpu/,How To Make A CPU - A Simple Picture Based Explanation,,,2023-10-23T07:42:41.477768705Z,https://news.ycombinator.com/item?id=29175402
https://github.com/mthiim/dilithium-java,mthiim/dilithium-java: Experimental Java implementation of post-quantum crypto algorithm Dilithium (including JCE provider),Experimental Java implementation of post-quantum crypto algorithm Dilithium (including JCE provider) - mthiim/dilithium-java: Experimental Java implementation of post-quantum crypto algorithm Dilit...,https://opengraph.githubassets.com/d708566780f2cf9a3cff22eb8258f242d720722d67787818e766a3244df988c5/mthiim/dilithium-java,2023-10-24T07:21:39.053822217Z,https://news.ycombinator.com/item?id=37984404
https://tonsky.me/blog/disenchantment/,Software disenchantment @ tonsky.me,Everything is going to hell and nobody seems to care,,2023-10-24T07:28:15.722499016Z,https://news.ycombinator.com/item?id=21929709
https://www.jonashietala.se/blog/2023/10/24/the_killer_features_of_the_steam_deck/?utm_source=hackernewsletter&utm_medium=email&utm_term=fav,Jonas Hietala: The killer features of the Steam Deck,,,2023-10-27T11:38:01.939366172Z,
https://newatlas.com/biology/bird-typhoon-ride/?utm_source=hackernewsletter&utm_medium=email&utm_term=fun,Bird takes on typhoon for an insane 700-mile sky-high ride of his life,"In 2019, a bold male seabird threw caution to the wind, flying above Typhoon Faxai as the storm pummeled southeastern Japan. It was the start of an 11-hour, 1,146-km (712-mile) crazy journey, that took the bird 15,000 feet higher than normal, at three times its usual speed, on a ride that hisâ€¦",https://assets.newatlas.com/dims4/default/d0bffa7/2147483647/strip/true/crop/2304x1210+0+90/resize/1200x630!/quality/90/?url=http%3A%2F%2Fnewatlas-brightspot.s3.amazonaws.com%2F4d%2Fbe%2Fd73b25094d8dae250b5571c744f4%2Fscreenshot-2023-10-26-at-12.14.16%20pm.png&na.image_optimisation=0,2023-10-27T11:40:24.091841535Z,
https://github.com/simeydotme/pokemon-cards-css?utm_source=hackernewsletter&utm_medium=email&utm_term=design,simeydotme/pokemon-cards-css: A collection of advanced CSS styles to create realistic-looking effects for the faces of Pokemon cards.,A collection of advanced CSS styles to create realistic-looking effects for the faces of Pokemon cards. - simeydotme/pokemon-cards-css: A collection of advanced CSS styles to create realistic-looki...,https://repository-images.githubusercontent.com/505538251/a4d243ef-2779-4881-9796-844d2ba47805,2023-10-27T11:43:49.440250537Z,
https://www.nature.com/articles/s41583-023-00756-z,How deep is the brain? The shallow brain hypothesis | Nature Reviews Neuroscience,"Architectures in neural networks commonly assume that&nbsp;inference is hierarchical. In this Perspective, Suzuki et al. present the shallow brain hypothesis, a neural processing mechanism based on neuroanatomical and electrophysiological evidence that intertwines hierarchical cortical processing with a massively parallel process to which subcortical areas substantially contribute.",https://media.springernature.com/m685/springer-static/image/art%3A10.1038%2Fs41583-023-00756-z/MediaObjects/41583_2023_756_Fig1_HTML.png,2023-10-30T09:01:27.075088065Z,https://news.ycombinator.com/item?id=38064287
https://dnastacio.medium.com/the-art-and-science-of-probing-a-kubernetes-container-db1f16539080,Keeping containers alive in a Kubernetes cluster can feel more like art than science. | Medium,"Look ready, and stay alive.",https://miro.medium.com/v2/resize:fit:640/1*J14NzPZoYANGQ4lTqTh_Ng.png,2023-10-30T10:13:02.812964126Z,
https://robertovitillo.com/costs-of-microservices/,The costs of microservices | Roberto Vitillo's Blog,"An application typically starts its life as a monolith. Take a modern backend of a single-page Javascript application, for example - it starts out as a singleâ€¦",,2023-10-31T08:55:54.655648087Z,https://news.ycombinator.com/item?id=38069915
https://www.tortoisemedia.com/2023/10/27/nasa-cant-open-its-asteroid-capsule/,Nasa canâ€™t open its asteroid capsule - Tortoise,"The team behind Nasaâ€™s Osiris-REx mission is struggling to open fully the container holding the bulk of the sample from asteroid Bennu. Since the 4.5 billion year-old sample landed in the Utah desert earlier this month, scientists have already managed to collect 70.3 grams of rocks and dust lying on the outside of the container, â€¦",https://www.tortoisemedia.com/wp-content/uploads/sites/3/2023/10/CR-premiumread.com_.jpg,2023-10-31T17:25:39.594916213Z,https://news.ycombinator.com/item?id=38078919
https://josem.co/the-beauty-of-finished-software/,The beauty of finished software | Jose M.,"Let me introduce you to WordStar 4.0, a popular word processor from the early 80s. WordStar 4.0 As old as it seems, George R.R. Martin used it to write â€œA Song of Ice and Fireâ€. Why would someone use such an old piece of software to write over 5,000 pages? I love how he puts it: It does everything I want a word processing program to do and it doesn't do anything else.",https://josem.co/images/avatar.png,2023-10-31T17:27:18.680995146Z,https://news.ycombinator.com/item?id=38084244
https://www.git-scm.com/book/en/v2/Git-Tools-Rerere,Git - Rerere,,,2023-11-03T08:38:52.138961025Z,https://news.ycombinator.com/item?id=38120358
https://jvns.ca/blog/2023/11/01/confusing-git-terminology/#head-and-heads,Confusing git terminology,Confusing git terminology,,2023-11-03T09:32:38.415171917Z,
https://blog.cloudflare.com/post-mortem-on-cloudflare-control-plane-and-analytics-outage/,Post Mortem on Cloudflare Control Plane and Analytics Outage,"Beginning on Thursday, November 2, 2023, at 11:43 UTC Cloudflare's control plane and analytics services experienced an outage. Here are the details",http://blog.cloudflare.com/content/images/2023/11/blog-outage-1.png,2023-11-04T17:39:35.101072986Z,https://news.ycombinator.com/item?id=38138640
https://github.com/immich-app/immich,immich-app/immich: Self-hosted photo and video backup solution directly from your mobile phone.,Self-hosted photo and video backup solution directly from your mobile phone. - immich-app/immich: Self-hosted photo and video backup solution directly from your mobile phone.,https://repository-images.githubusercontent.com/455229168/1ef14235-83ee-4866-80d2-094f99091393,2023-11-06T08:31:55.752904351Z,https://news.ycombinator.com/item?id=36673224
https://bitfieldconsulting.com/golang/crisp-code,"Don't write clean code, write CRISP code â€” Bitfield Consulting","â€œClean codeâ€ is  so  over: all the cool kids are switching to  CRISP code . Iâ€™ll show you how to achieve it in five catchy, T-shirt-friendly slogans.",http://static1.squarespace.com/static/5e10bdc20efb8f0d169f85f9/5e949913434baa2223121b85/61a2376965f99c776126d2ee/1696759860983/diploma.png?format=1500w,2023-11-07T07:49:03.064141575Z,https://news.ycombinator.com/item?id=35611710
https://www.mensurdurakovic.com/hard-to-swallow-truths-they-wont-tell-you-about-software-engineer-job/,10 hard-to-swallow truths they won't tell you about software engineer job,"Last weekend I had a chance to talk with some students who just got their degree. They are pursuing their first software engineer job. In conversation with them, I learned that they have a pretty wrong perception of this job. This is because the reality for these new kids is so skewed.",https://images.unsplash.com/photo-1589495374906-b7f5ca5de879?crop=entropy&cs=tinysrgb&fit=max&fm=jpg&ixid=M3wxMTc3M3wwfDF8c2VhcmNofDE4fHxwdXp6bGV8ZW58MHx8fHwxNjk2Nzk1MDYwfDA&ixlib=rb-4.0.3&q=80&w=2000,2023-11-08T15:33:05.257961858Z,https://news.ycombinator.com/item?id=38188689
https://monaspace.githubnext.com/,Monaspace,An innovative superfamily of fonts for code,https://monaspace.githubnext.com/opengraph-image.png?8f0e79eb8fe60cfc,2023-11-10T13:48:55.155819732Z,https://news.ycombinator.com/item?id=38210574
https://github.com/microsoft/inshellisense?utm_source=hackernewsletter&utm_medium=email&utm_term=show_hn,microsoft/inshellisense: IDE style command line auto complete,IDE style command line auto complete. Contribute to microsoft/inshellisense development by creating an account on GitHub.,https://opengraph.githubassets.com/6a80f2d24d5184235b1ae37f37a952c9f953285a17394e04e377997f79637aaa/microsoft/inshellisense,2023-11-10T15:48:57.115930633Z,
https://journal.hexmos.com/gpu-survival-toolkit/,GPU Survival Toolkit for the AI age: The bare minimum every developer must know,"Why CPU Knowledge Is No Longer Enough    In today's AI age, the majority of developers train in the CPU way. This knowledge has been part of our academics as well, so it's obvious to think and problem-solve in a CPU-oriented way.    However, the problem with CPUs is that they rely",https://journal-wa6509js.s3.ap-south-1.amazonaws.com/a230a3ffafd791a0973337dbab3db132061e9d02787646049eb519aae1cb0f72.png,2023-11-13T07:42:03.201110008Z,https://news.ycombinator.com/item?id=38240421
https://blog.oneuptime.com/moving-from-aws-to-bare-metal/,"How moving from AWS to Bare-Metal saved us 230,000$ /yr.","In the ever-evolving world of technology, businesses are constantly looking for ways to optimize their operations and reduce costs. One such journey we embarked on was moving our infrastructure from Amazon Web Services (AWS) to a bare-metal solution. This transition not only provided us with more control over our resources",https://blog.oneuptime.com/content/images/2023/11/Engineering-Uptime-1.png,2023-11-17T08:12:45.303400037Z,https://news.ycombinator.com/item?id=38294569
https://theprogressplaybook.com/2023/10/19/energy-independent-uruguay-runs-on-100-renewables-for-four-straight-months/,â€˜Energy independentâ€™ Uruguay runs on 100% renewables for four straight months - The Progress Playbook,"""Ask me what was the impact on the electricity sector in Uruguay after this tragic war in Europe â€” zero.""",https://theprogressplaybook.com/wp-content/uploads/2023/10/24-October-Illustrations.jpg,2023-11-17T12:51:51.393725087Z,https://news.ycombinator.com/item?id=38301480
https://fleuret.org/dlc/,UNIGE 14x050 â€“ Deep Learning,Slides and virtual machine for FranÃ§ois Fleuret's Deep Learning Course,,2023-11-19T13:52:04.843993904Z,https://news.ycombinator.com/item?id=38331200
https://en.wikipedia.org/wiki/Vespa_150_TAP,Vespa 150 TAP - Wikipedia,,https://upload.wikimedia.org/wikipedia/commons/thumb/3/3e/Vespa_militare2.JPG/1200px-Vespa_militare2.JPG,2023-11-21T14:08:40.65618602Z,https://news.ycombinator.com/item?id=38344358
https://github.com/arcataroger/awesome-engineering-games?tab=readme-ov-file,arcataroger/awesome-engineering-games: A curated list of engineering-related video games rated Very Positive or higher on Steam,A curated list of engineering-related video games rated Very Positive or higher on Steam - arcataroger/awesome-engineering-games: A curated list of engineering-related video games rated Very Positi...,https://opengraph.githubassets.com/38b24b4a13524ab94557e5647416f32bd02c555769b511d31e321797eecacca3/arcataroger/awesome-engineering-games,2023-11-21T14:30:11.661141979Z,
https://news.utexas.edu/2023/11/21/bacteria-store-memories-and-pass-them-on-for-generations/,Bacteria Store Memories and Pass Them on for Generations - UT News,"AUSTIN, Texas â€” Scientists have discovered that bacteria can create something like memories about when to form strategies that can cause dangerous",https://news.utexas.edu/wp-content/uploads/2023/11/24661308922_3eb66388f6_o.jpg,2023-11-22T12:47:10.772646848Z,https://news.ycombinator.com/item?id=38372687
https://lmstudio.ai/,"LM Studio - Discover, download, and run local LLMs","Find, download, and experiment with local LLMs",https://lmstudio.ai/assets/cover-photo.png,2023-11-23T11:05:25.213880479Z,https://news.ycombinator.com/item?id=38377072
https://jakelazaroff.com/words/web-components-eliminate-javascript-framework-lock-in/,Web Components Eliminate JavaScript Framework Lock-in | jakelazaroff.com,"Web components can dramatically loosen the coupling of JavaScript frameworks. To prove it, we're going to do something kinda crazy: build an app where every single component is written in a different JavaScript framework.",https://jakelazaroff.com/og/web-components-eliminate-javascript-framework-lock-in.png,2023-11-27T20:02:40.035942553Z,https://news.ycombinator.com/item?id=38434470
https://github.com/traderepublic/Cilicon?ref=console.dev,traderepublic/Cilicon at console.dev,ðŸ› ï¸ Self-Hosted ephemeral macOS CI on Apple Silicon - traderepublic/Cilicon at console.dev,https://repository-images.githubusercontent.com/562770907/0af8ab0a-c1ec-41b7-8c96-a64622080943,2023-11-30T08:17:29.671437744Z,
https://www.beeper.com/,Beeper Mini - iMessage on Android,"Finally, get blue bubbles on Android! Your Android phone number is now blue. Join iPhone-only group chats, send full size media and more.",https://assets-global.website-files.com/5ffc199ed786423eb2569667/65607f9a982d50cf3cca538e_Eng%20Asset.png,2023-12-06T11:00:06.182538138Z,https://news.ycombinator.com/item?id=38531759
https://jjtech.dev/reverse-engineering/imessage-explained/,"iMessage, explained - JJTech","This blog post is going to be a cursory overview of the internals iMessage, as Iâ€™ve discovered during my work on pypush, an open source project that reimplements iMessage.",,2023-12-06T11:07:22.429292641Z,https://news.ycombinator.com/item?id=38532167
https://andrewkchan.dev/posts/fire.html,"Simulating Fluids, Fire, and Smoke in Real-Time","Notes on the math, algorithms, and methods involved in simulating fluids like fire and smoke in real-time.",http://distill.pub//thumbnail.jpg,2023-12-20T07:45:21.416611474Z,https://news.ycombinator.com/item?id=38698907
https://one-from-nippon.ghost.io/randoseru/,$450 for a School Bag?!,"Every year, around March, a curious social custom occurs in Japanese families.  Parents of kids entering elementary school visit the grandparents and gingerly tread the topic of buying the kids a very expensive item: a randoseru.  And gingerly they must tread. The randoseru, a Japanese school bag, costs a whopping",https://one-from-nippon.ghost.io/content/images/size/w1200/2024/01/Randoseru.jpeg,2024-01-02T08:05:44.896502093Z,https://news.ycombinator.com/item?id=38837314
https://www.youtube.com/watch?v=GuJ5UuknsHU,"After 34 Years, Someone Finally Beat Tetris - YouTube","The first ever ""True"" Killscreen was just reached in NES Tetris.  Can this record ever be broken?Blue Scuti's full WR VOD: https://www.youtube.com/watch?v=uh...",https://i.ytimg.com/vi/GuJ5UuknsHU/maxresdefault.jpg,2024-01-05T13:05:18.319954592Z,https://news.ycombinator.com/item?id=38841080
https://www.inc.com/jeff-haden/27-years-ago-steve-jobs-said-best-employees-focus-on-content-not-process-workplace-research-shows-he-was-right.html?utm_source=hackernewsletter&utm_medium=email&utm_term=working,"27 Years Ago, Steve Jobs Said the Best Employees Focus on Content, Not Process. Research Shows He Was Right | Inc.com","According to the Apple co-founder, the best employees are also a pain in the butt to manage.","https://img-cdn.inc.com/image/upload/w_1024,h_576,c_fill/images/panoramic/GettyImages-51576692_529627_shezri.jpg",2024-01-05T13:09:28.032602972Z,
https://www.clicks.tech/,Clicks for iPhone,"Clicks brings a REAL KEYBOARD to your iPhone. Enjoy the feel of buttons, type with precision and double your space to create. Available now. Ships worldwide.",,2024-01-05T13:15:59.541673253Z,https://news.ycombinator.com/item?id=38871987
https://physics.stackexchange.com/questions/101913/why-does-a-remote-car-key-work-when-held-to-your-head-body,electromagnetic radiation - Why does a remote car key work when held to your head/body? - Physics Stack Exchange,,https://cdn.sstatic.net/Sites/physics/Img/apple-touch-icon@2.png?v=f58801408228,2024-01-09T08:15:50.146100448Z,https://news.ycombinator.com/item?id=38921441
https://github.com/webcompat/web-bugs/issues/131916,www.google.com - The page is blank when accessed Â· Issue #131916 Â· webcompat/web-bugs,URL: https://www.google.com/ Browser / Version: Firefox Mobile 121.0 Operating System: Android 13 Tested Another Browser: Yes Other Problem type: Site is not usable Description: Page not loading co...,https://opengraph.githubassets.com/b1b47bfc8d0a8fcfdf25359a61f9259022c9156c60c72da5fe6722f6a65c7108/webcompat/web-bugs/issues/131916,2024-01-10T13:21:45.160496058Z,https://news.ycombinator.com/item?id=38924300
https://www.phoronix.com/news/Linux-6.8-Networking,Linux 6.8 Network Optimizations Can Boost TCP Performance For Many Concurrent Connections By ~40% - Phoronix,,https://www.phoronix.net/image.php?id=2024&image=epyc_network,2024-01-10T13:23:11.586373728Z,https://news.ycombinator.com/item?id=38932398
https://dubroy.com/blog/getting-things-done-in-small-increments/?utm_source=hackernewsletter&utm_medium=email&utm_term=working,Getting things done (in small increments),,,2024-01-12T14:08:49.851883627Z,
https://media.ccc.de/v/37c3-11828-how_to_build_a_submarine_and_survive#l=eng&t=0,How to build a submarine and survive - media.ccc.de,"3,4 Tonnen schwer, 4,3 Meter lang, Material: Stahl, Farbe: Orange und der Fahrzeugtyp ist â€žSporttauchbootâ€. Vom Fund eines Drucktanks bis...",https://static.media.ccc.de/media/congress/2023/11828-b64fa58b-6f1c-45ef-8dd1-c09947f8a455_preview.jpg,2024-01-15T16:12:42.884331644Z,https://news.ycombinator.com/item?id=38988788
https://www.tokyoweekender.com/wp-content/uploads/2023/10/En_Route_2023.pdf,En_Route_2023.pdf,,,2024-01-15T16:14:02.32479125Z,https://news.ycombinator.com/item?id=38966646
https://boilingsteam.com/an-in-depth-look-at-the-steam-deck-apu/,A Suprising Discovery Inside The Steam Deck's APU,A Suprising Discovery Inside The Steam Deck's APU,,2024-01-15T16:18:29.140097519Z,https://news.ycombinator.com/item?id=38977983
https://bloomberry.com/why-new-hires-often-get-paid-more-than-existing-employees/,Why new hires often get paid more than existing employees - bloomberry,One of the most enlightening moments in my career was when I discovered a new coworker was makingâ€¦,https://bloomberry.com/wp-content/uploads/2024/01/ca715fd4-2488-4695-b06e-f299bb047463.webp,2024-01-16T14:49:13.977881249Z,https://news.ycombinator.com/item?id=39008805
https://github.com/Everduin94/better-commits?ref=console.dev,Everduin94/better-commits at console.dev,A CLI for creating better commits following the conventional commit guidelines. Written with Typescript | ZOD | Clack - Everduin94/better-commits at console.dev,https://opengraph.githubassets.com/12969726586eb41ba6c6703dc411e406e10945d3aa7bca9d915b225baf990fd2/Everduin94/better-commits,2024-01-18T08:12:42.979845816Z,
https://www.conventionalcommits.org/en/v1.0.0/#summary,Conventional Commits,A specification for adding human and machine readable meaning to commit messages,,2024-01-18T13:46:13.388694963Z,
https://gist.github.com/adtac/595b5823ef73b329167b815757bbce9f,#!/usr/bin/env docker run,"#!/usr/bin/env docker run. GitHub Gist: instantly share code, notes, and snippets.",https://github.githubassets.com/assets/gist-og-image-54fd7dc0713e.png,2024-01-18T15:18:44.431782253Z,https://news.ycombinator.com/item?id=38987109
https://github.com/stas00/ml-engineering,stas00/ml-engineering: Machine Learning Engineering Open Book,Machine Learning Engineering Open Book. Contribute to stas00/ml-engineering development by creating an account on GitHub.,https://opengraph.githubassets.com/cf80ed8d58930a7eaae61d4691d88699b01babebf09ca543fc5dd8f4ceee1679/stas00/ml-engineering,2024-01-23T14:15:07.369740458Z,https://news.ycombinator.com/item?id=39097502
https://medium.com/@iangrunt/a-visual-checklist-for-writing-production-grade-terraform-modules-42f092fa7071,A Visual Checklist for Writing Production-grade Terraform Modules | by Ian Bowers | Medium,Introduction,https://miro.medium.com/v2/resize:fit:1200/1*u-ZhZihL0y61y_jqHnj-QA.png,2024-01-24T19:41:59.236993528Z,
https://www.crikey.com.au/2025/01/08/apple-new-artificial-intelligence-rewords-scam-messages-look-legitimate/,"Apple AI feature rewords scam messages, make them look legit","'This is going to catch people out and cost them money,' one expert told Crikey.",https://www.crikey.com.au/wp-content/uploads/2025/01/Apple-Intelligence_1480x800_1.jpg?quality=70,2025-01-09T08:22:33.479268653Z,https://news.ycombinator.com/item?id=42638857
https://crawshaw.io/blog/programming-with-llms,crawshaw - 2025-01-06,,,2025-01-09T08:42:54.499429707Z,https://news.ycombinator.com/item?id=42617645
https://substack.evancarroll.com/p/the-erasure-of-luigi-mangione,The erasure of Luigi Mangione - Evan Carroll,"The saga on Stack Overflow and Stack Exchange, and how tech always serves the ruling class.","https://substackcdn.com/image/fetch/w_1200,h_600,c_fill,f_jpg,q_auto:good,fl_progressive:steep,g_auto/https%3A%2F%2Fsubstack-post-media.s3.amazonaws.com%2Fpublic%2Fimages%2F2e458dfa-ad35-4b05-90dc-0dfb93d9d658_968x726.png",2025-01-09T08:48:44.572581269Z,https://news.ycombinator.com/item?id=42642089
https://r0bk.github.io/killedbyllm/,Killed by LLM,,,2025-01-09T08:53:17.118538784Z,https://news.ycombinator.com/item?id=42606231
https://asylumsquare.com/backstage/2025-01-12/why-i-deleted-my-social-media-accounts,Why I deleted my social media accounts (and why you should too).,Why I deleted my social media accounts (and why you should too).,,2025-01-13T08:31:30.644598705Z,https://news.ycombinator.com/item?id=42677587
https://asylumsquare.com/backstage/2025-01-12/why-i-deleted-my-social-media-accounts,Asylum Square: Retrogames revised.,Retrogames revised.,,2025-01-13T08:45:24.557830359Z,https://news.ycombinator.com/item?id=42677587
https://asylumsquare.com/backstage/2025-01-12/why-i-deleted-my-social-media-accounts,Asylum Square: Retrogames revised.,Retrogames revised.,,2025-01-13T08:46:02.223418937Z,https://news.ycombinator.com/item?id=42677587
https://eugene-andrienko.com/en/it/2024/01/02/life-in-console,I spent 18 years in the Linux console and I donâ€™t regret it | Dragonâ€™s notes,"At first, this article was going to be a grumbling about well-known ideas like: ""Let's add support for objects in Bash instead of ObSoLeTe text and add support for images and GIFs in the commands' output.""",https://eugene-andrienko.com/assets/static/header-life-in-console.jpg,2025-01-13T09:10:56.116378038Z,https://news.ycombinator.com/item?id=42674153
https://ntietz.com/blog/great-things-about-rust-beyond-perf/,Great things about Rust that aren't just performance | nicole@web,,,2025-01-13T09:24:02.747637152Z,https://news.ycombinator.com/item?id=42675219
https://danielwirtz.com/blog/spot-the-difference-superpower,Iâ€™ve acquired a new superpower â€“ Daniel Wirtz,"Yesterday, I was browsing Reddit. Midway through my feed, I stumbled upon a video from a German TV show, where a 9-year-old girl demonstrated her ability to ...",https://www.notion.so/image/https%3A%2F%2Fprod-files-secure.s3.us-west-2.amazonaws.com%2Fc60cb9d6-ff5a-4eb2-823a-c07963f46657%2F3a7e37ad-3416-4eb1-bbf0-238e8ae70b57%2Fannual-review-2020%25281%2529.png?table=block&id=1775e32d-8082-80be-8fab-f25be14dfce1&cache=v2,2025-01-13T10:08:26.591864789Z,https://news.ycombinator.com/item?id=42655870
https://www.science.org/content/article/absolutely-insane-dragonfly-s-extreme-loop-loops-are-unparalleled-nature,â€˜Absolutely insane.â€™ Dragonflyâ€™s extreme loop-the-loops are unparalleled in nature | Science | AAAS,Insects use â€œcrazy turningâ€ to dry off after a cooling dip in water,https://www.science.org/do/10.1126/science.z9027of/abs/_20250113_on_dragonfly-spin_v1.jpg,2025-01-14T09:15:39.062379028Z,https://news.ycombinator.com/item?id=42691899
https://grantslatton.com/nobody-cares,Nobody Cares,A rant about caring,/images/twitter-card.png,2025-01-15T08:33:57.67522769Z,https://news.ycombinator.com/item?id=42707238
https://newatlas.com/brain/young-adult-cannabis-brain-function/,"Younger cannabis users have reduced brain function, finds largest study yet",The largest study yet into the effects of cannabis on the brains of 18- to 36-year-olds has found that the drug can reduce brain function during cognitive tests. The findings will help people to make an informed decision about the pros and cons of using cannabis.,https://assets.newatlas.com/dims4/default/73da3aa/2147483647/strip/true/crop/2000x1050+0+38/resize/1200x630!/quality/90/?url=http%3A%2F%2Fnewatlas-brightspot.s3.amazonaws.com%2F0b%2F41%2F7d46b9ea434295bde4b693271b35%2Fdepositphotos-377680416-l.jpg&na.image_optimisation=0,2025-01-30T14:12:56.580062928Z,https://news.ycombinator.com/item?id=42873697
https://newsletter.languagemodels.co/p/the-illustrated-deepseek-r1?utm_source=hackernewsletter&utm_medium=email&utm_term=fav,The Illustrated DeepSeek-R1 - by Jay Alammar,A recipe for reasoning LLMs,"https://substackcdn.com/image/fetch/w_1200,h_600,c_fill,f_jpg,q_auto:good,fl_progressive:steep,g_auto/https%3A%2F%2Fsubstack-post-media.s3.amazonaws.com%2Fpublic%2Fimages%2F623a9dbf-c76e-438c-ba69-43ae9613ebbe_2930x1496.png",2025-01-31T12:54:47.352993899Z,
https://estherschindler.medium.com/the-old-family-photos-project-lessons-in-creating-family-photos-that-people-want-to-keep-ea3909129943,The Old Family Photos Project: Lessons in creating family photos that people want to keep | by Esther Schindler | Medium,"As a consequence of scanning thousands of slides, I learned quite a bit about taking photos that capture a familyâ€™s life. Hereâ€™s a personalâ€¦",https://miro.medium.com/v2/resize:fit:1200/1*w54uFjPnLQr6CVlvVx7wmg.jpeg,2025-01-31T12:57:14.377884907Z,https://news.ycombinator.com/item?id=42835282
